name,rating,reviews,address,hours,phone
Petz Poços de Caldas,4.5,835,"Av. João Pinheiro, 711",Aberto ⋅ Fecha às 22:00,(35) 3014-9100
DudaPet Shop,4.7,85,"R. Pernambuco, 853/1",Aberto ⋅ Fecha às 18:30,(35) 3114-1855
Pet Shop Agro Animal,4.9,161,"R. 15 de Novembro, 171",Aberto ⋅ Fecha às 18:30,(35) 3721-3780
Pet Shop Agrocentro - sob nova direção,4.9,50,"R. Pernambuco, 399",Aberto ⋅ Fecha às 18:00,(35) 3721-6767
CYRILLOS & LATIDOS PET SHOP,4.8,51,"R. Nossa Sra. Aparecida, 157",Aberto ⋅ Fecha às 18:40,(35) 3722-3130
Amigãozão Pet Shop,4.9,132,"R. Maj. Joaquim Bernardes, 288",Aberto ⋅ Fecha às 19:30,(35) 3064-5864
Pet Shop Barão,4.7,132,"R. Barão do Campo Místico, 739",Aberto ⋅ Fecha às 19:00,(35) 3721-8005
MULTIPET pet shop e acessórios,5.0,18,"R. Monteiro Lobato, 26",Aberto ⋅ Fecha às 18:30,(35) 98829-3915
Pet Shop Alegria Dos Bichos,4.7,49,"R. Peru, 127",Aberto ⋅ Fecha às 19:00,(35) 3715-1619
